students,months,attempts,rows,rowDatumBytes,trackedPhysicalBytes,indexBytes
1,1,20,5980,2050790,4044800,1781760
1,6,120,35880,12304740,24268800,10690560
1,12,240,71760,24609480,48537600,21381120
10,1,200,59800,20507900,40448000,17817600
10,6,1200,358800,123047400,242688000,106905600
10,12,2400,717600,246094800,485376000,213811200
30,1,600,179400,61523700,121344000,53452800
30,6,3600,1076400,369142200,728064000,320716800
30,12,7200,2152800,738284400,1456128000,641433600
50,1,1000,299000,102539500,202240000,89088000
50,6,6000,1794000,615237000,1213440000,534528000
50,12,12000,3588000,1230474000,2426880000,1069056000
100,1,2000,598000,205079000,404480000,178176000
100,6,12000,3588000,1230474000,2426880000,1069056000
100,12,24000,7176000,2460948000,4853760000,2138112000
