suite,serial,operator,databaseBefore,databaseAfter,databaseDelta,trackedRelationDelta,unexplainedDelta
historical-question-migration,1,prepare_historical_question_batch_v1:prepare,25723003,25772155,49152,49152,0
historical-question-migration,2,prepare_historical_question_batch_v1:prepare,25772155,25772155,0,0,0
historical-question-migration,3,prepare_historical_question_batch_v1:prepare,25772155,25772155,0,0,0
historical-question-migration,4,apply_historical_question_batch_v1:compact,25772155,25837691,65536,65536,0
historical-question-migration,5,apply_historical_question_batch_v1:compact,25837691,25837691,0,0,0
historical-question-migration,6,apply_historical_question_batch_v1:compact,25837691,25870459,32768,32768,0
historical-question-migration,7,prepare_historical_question_batch_v1:prepare,25870459,25903227,32768,32768,0
historical-question-migration,8,apply_historical_question_batch_v1:compact,25903227,25903227,0,0,0
historical-question-migration,9,apply_historical_question_batch_v1:compact,25903227,25903227,0,0,0
historical-question-migration,10,apply_historical_question_batch_v1:compact,25903227,25911419,8192,8192,0
historical-question-migration,12,prepare_historical_question_batch_v1:prepare,25911419,25919611,8192,8192,0
historical-question-migration,13,prepare_historical_question_batch_v1:prepare,25919611,25927803,8192,8192,0
historical-question-migration,14,prepare_historical_question_batch_v1:prepare,25927803,25935995,8192,8192,0
historical-question-migration,15,apply_historical_question_batch_v1:compact,25935995,25952379,16384,16384,0
historical-question-migration,16,apply_historical_question_batch_v1:compact,25952379,25985147,32768,32768,0
historical-question-migration,17,apply_historical_question_batch_v1:restore,25985147,26026107,40960,40960,0
historical-question-migration,18,prepare_historical_question_batch_v1:prepare,26026107,26034299,8192,8192,0
historical-question-migration,23,prepare_historical_question_batch_v1:prepare,26034299,26042491,8192,8192,0
historical-question-migration,30,prepare_historical_question_batch_v1:prepare,26173563,26189947,16384,16384,0
historical-question-migration,31,prepare_historical_question_batch_v1:prepare,26189947,26189947,0,0,0
historical-question-migration,32,prepare_historical_question_batch_v1:prepare,26189947,26198139,8192,8192,0
historical-question-migration,33,apply_historical_question_batch_v1:compact,26198139,26206331,8192,8192,0
historical-question-migration,34,apply_historical_question_batch_v1:restore,26206331,26280059,73728,73728,0
historical-question-migration,35,apply_historical_question_batch_v1:restore,26280059,26280059,0,0,0
historical-question-migration,36,apply_historical_question_batch_v1:restore,26280059,26288251,8192,8192,0
historical-question-migration,37,prepare_historical_question_batch_v1:prepare,26288251,26296443,8192,8192,0
historical-question-migration,38,prepare_historical_question_batch_v1:prepare,26296443,26312827,16384,16384,0
historical-question-migration,39,apply_historical_question_batch_v1:compact,26312827,26312827,0,0,0
historical-question-migration,41,prepare_historical_question_batch_v1:prepare,26312827,26321019,8192,8192,0
historical-question-migration,43,prepare_historical_question_batch_v1:prepare,26321019,26321019,0,0,0
historical-question-migration,45,prepare_historical_question_batch_v1:prepare,26402939,26411131,8192,8192,0
historical-question-migration,46,prepare_historical_question_batch_v1:prepare,26411131,26419323,8192,8192,0
historical-question-migration,47,prepare_historical_question_batch_v1:prepare,26419323,26419323,0,0,0
historical-question-migration,48,apply_historical_question_batch_v1:compact,26419323,26460283,40960,40960,0
historical-question-migration,50,apply_historical_question_batch_v1:restore,26460283,26476667,16384,16384,0
historical-question-migration,51,prepare_historical_question_batch_v1:prepare,26476667,26484859,8192,8192,0
historical-question-migration,52,prepare_historical_question_batch_v1:prepare,26484859,26484859,0,0,0
historical-question-migration,53,apply_historical_question_batch_v1:compact,26484859,26493051,8192,8192,0
historical-learning-migration,2,prepare_historical_learning_batch_v1:prepare,32227451,32292987,65536,65536,0
historical-learning-migration,3,prepare_historical_learning_batch_v1:prepare,32292987,32325755,32768,32768,0
historical-learning-migration,4,prepare_historical_learning_batch_v1:prepare,32325755,32325755,0,0,0
historical-learning-migration,5,apply_historical_learning_batch_v1:compact,32325755,32358523,32768,32768,0
historical-learning-migration,6,apply_historical_learning_batch_v1:compact,32358523,32358523,0,0,0
historical-learning-migration,7,apply_historical_learning_batch_v1:compact,32358523,32374907,16384,16384,0
historical-learning-migration,8,apply_historical_learning_batch_v1:compact,32374907,32374907,0,0,0
historical-learning-migration,9,apply_historical_learning_batch_v1:compact,32374907,32374907,0,0,0
historical-learning-migration,17,apply_historical_learning_batch_v1:compact,32374907,32374907,0,0,0
historical-learning-migration,18,apply_historical_learning_batch_v1:compact,32374907,32374907,0,0,0
historical-learning-migration,20,prepare_historical_learning_batch_v1:prepare,32669819,32686203,16384,16384,0
historical-learning-migration,21,apply_historical_learning_batch_v1:compact,32686203,32686203,0,0,0
historical-learning-migration,22,apply_historical_learning_batch_v1:restore,32841851,32874619,32768,32768,0
historical-learning-migration,23,apply_historical_learning_batch_v1:restore,32874619,32874619,0,0,0
historical-learning-migration,24,apply_historical_learning_batch_v1:restore,32874619,32891003,16384,16384,0
historical-learning-migration,25,apply_historical_learning_batch_v1:restore,32891003,32891003,0,0,0
reviewed-bundle-archive,1,prepare_reviewed_bundle_archive_v1:prepare,25968763,25985147,16384,16384,0
reviewed-bundle-archive,2,prepare_reviewed_bundle_archive_v1:prepare,25985147,25985147,0,0,0
reviewed-bundle-archive,3,apply_reviewed_bundle_archive_v1:restore,25985147,26001531,16384,16384,0
reviewed-bundle-archive,4,apply_reviewed_bundle_archive_v1:compact,26001531,26017915,16384,16384,0
reviewed-bundle-archive,5,apply_reviewed_bundle_archive_v1:compact,26017915,26017915,0,0,0
reviewed-bundle-archive,6,apply_reviewed_bundle_archive_v1:compact,26017915,26017915,0,0,0
reviewed-bundle-archive,17,apply_reviewed_bundle_archive_v1:restore,26017915,26026107,8192,8192,0
reviewed-bundle-archive,18,apply_reviewed_bundle_archive_v1:compact,26026107,26026107,0,0,0
reviewed-bundle-archive,21,apply_reviewed_bundle_archive_v1:restore,26755195,26755195,0,0,0
reviewed-bundle-archive,22,apply_reviewed_bundle_archive_v1:compact,26755195,26755195,0,0,0
reviewed-bundle-archive,23,apply_reviewed_bundle_archive_v1:restore,26755195,26796155,40960,40960,0
exam-use-package-archive,1,prepare_exam_use_package_archive_v1:prepare,27082875,27099259,16384,16384,0
exam-use-package-archive,2,prepare_exam_use_package_archive_v1:prepare,27099259,27099259,0,0,0
exam-use-package-archive,3,prepare_exam_use_package_archive_v1:prepare,27099259,27099259,0,0,0
exam-use-package-archive,4,prepare_exam_use_package_archive_v1:prepare,27099259,27099259,0,0,0
exam-use-package-archive,5,apply_exam_use_package_archive_v1:compact,27099259,27132027,32768,32768,0
exam-use-package-archive,6,apply_exam_use_package_archive_v1:compact,27132027,27132027,0,0,0
exam-use-package-archive,7,apply_exam_use_package_archive_v1:compact,27132027,27132027,0,0,0
exam-use-package-archive,17,apply_exam_use_package_archive_v1:restore,27385979,27394171,8192,8192,0
exam-use-package-archive,19,apply_exam_use_package_archive_v1:restore,27394171,27394171,0,0,0
exam-use-package-archive,20,apply_exam_use_package_archive_v1:compact,27394171,27394171,0,0,0
exam-use-package-archive,21,prepare_exam_use_package_archive_v1:prepare,27394171,27394171,0,0,0
exam-use-package-archive,22,apply_exam_use_package_archive_v1:restore,27394171,27418747,24576,24576,0
exam-use-package-archive,23,prepare_exam_use_package_archive_v1:prepare,27418747,27418747,0,0,0
exam-use-occurrence-archive,1,prepare_exam_use_package_archive_v1:prepare,27140219,27156603,16384,16384,0
exam-use-occurrence-archive,2,apply_exam_use_package_archive_v1:compact,27156603,27189371,32768,32768,0
exam-use-occurrence-archive,3,prepare_exam_use_occurrence_archive_v1:prepare,27492475,27492475,0,0,0
exam-use-occurrence-archive,4,prepare_exam_use_occurrence_archive_v1:prepare,27492475,27549819,57344,57344,0
exam-use-occurrence-archive,5,prepare_exam_use_occurrence_archive_v1:prepare,27549819,27549819,0,0,0
exam-use-occurrence-archive,8,apply_exam_use_occurrence_archive_v1:compact,27549819,27598971,49152,49152,0
exam-use-occurrence-archive,9,apply_exam_use_occurrence_archive_v1:compact,27598971,27803771,204800,204800,0
exam-use-occurrence-archive,10,apply_exam_use_occurrence_archive_v1:compact,27803771,27803771,0,0,0
exam-use-occurrence-archive,17,apply_exam_use_occurrence_archive_v1:restore,28188795,28205179,16384,16384,0
exam-use-occurrence-archive,18,apply_exam_use_occurrence_archive_v1:restore,28205179,28205179,0,0,0
exam-use-occurrence-archive,19,apply_exam_use_occurrence_archive_v1:restore,28205179,28213371,8192,8192,0
exam-use-occurrence-archive,20,apply_exam_use_occurrence_archive_v1:restore,28213371,28500091,286720,286720,0
exam-use-occurrence-archive,21,prepare_exam_use_occurrence_archive_v1:prepare,28500091,28500091,0,0,0
exam-use-occurrence-archive,22,apply_exam_use_occurrence_archive_v1:compact,28500091,28500091,0,0,0
reviewed-resource-archive,1,prepare_exam_use_package_archive_v1:prepare,27246715,27263099,16384,16384,0
reviewed-resource-archive,2,apply_exam_use_package_archive_v1:compact,27263099,27295867,32768,32768,0
reviewed-resource-archive,3,prepare_reviewed_resource_archive_v1:prepare,27500667,27500667,0,0,0
reviewed-resource-archive,4,prepare_reviewed_resource_archive_v1:prepare,27500667,27566203,65536,65536,0
reviewed-resource-archive,5,prepare_reviewed_resource_archive_v1:prepare,27566203,27566203,0,0,0
reviewed-resource-archive,9,apply_reviewed_resource_archive_v1:compact,27566203,27607163,40960,40960,0
reviewed-resource-archive,10,apply_reviewed_resource_archive_v1:compact,27607163,27811963,204800,204800,0
reviewed-resource-archive,11,apply_reviewed_resource_archive_v1:compact,27811963,27811963,0,0,0
reviewed-resource-archive,18,apply_reviewed_resource_archive_v1:restore,28205179,28213371,8192,8192,0
reviewed-resource-archive,19,apply_reviewed_resource_archive_v1:restore,28213371,28213371,0,0,0
reviewed-resource-archive,20,apply_reviewed_resource_archive_v1:restore,28213371,28221563,8192,8192,0
reviewed-resource-archive,21,apply_reviewed_resource_archive_v1:restore,28221563,28418171,196608,196608,0
reviewed-resource-archive,22,prepare_reviewed_resource_archive_v1:prepare,28418171,28418171,0,0,0
reviewed-resource-archive,23,apply_reviewed_resource_archive_v1:compact,28418171,28418171,0,0,0
