order,work,name,table,fields,reader,reference,candidateRows,textBytes,condition,excluded,comparison,batch,rollback
"1","APP-20261003-02","과거 배정 문항","public.assignment_questions","[""prompt"",""choices"",""headword_snapshot"",""primary_meaning_snapshot"",""correct_answer_snapshot"",""provenance"",""composition_pronunciation_snapshot"",""notebook_pronunciation_snapshot""]","private.assignment_question_contents_v1 / resolve_assignment_question_content_v1","content_version_id → private.vocabulary_question_content_versions; 당시 meaning 참조","9927","26772852","종료/삭제/유한 기한 경과 배정; 준비·진행·복습·재시험·개인 오답/새 결과 정책/새 기기 규격 없음","[{""reason"":""배정 열림"",""rows"":7760,""textBytes"":20903292},{""reason"":""보호 응시"",""rows"":303,""textBytes"":942795}]","historical_question_document_v1(kind,resolve(row))와 파일 before의 contentVersionId 제외 문서 동일; 정답·뜻·ID/FK·개인 기록 동일","1~100행, 파일 인수 4MiB","동일 ID/참조 유지, 파일에서 지정 8본문 열만 보충"
"1","APP-20261003-02","과거 응시 문항","public.quiz_questions","[""prompt"",""choices""]","private.quiz_question_contents_v1 / resolve_quiz_question_content_v1","content_version_id → 공용 문항판","4535","683977","배정 문항과 같은 보호 조건; 당시 문항 관계·뜻 전수 일치","[{""reason"":""배정 열림"",""rows"":2779,""textBytes"":351025},{""reason"":""보호 응시"",""rows"":303,""textBytes"":55777}]","질문/보기/정답/방향/기존 assignment_question_id 동일, 최초/재시험 답과 접수/정책/결과 보존","1~100행, 4MiB","같은 응시 문항의 두 표시 열만 보충; 새 답 덮어쓰기 금지"
"1","APP-20261003-02","과거 출처 문항","public.assignment_question_exam_use_snapshot","[""headword_snapshot"",""primary_meaning_snapshot"",""display_pronunciation_ko_snapshot"",""pronunciation_snapshot"",""choice_dictionary_snapshots""]","private.exam_use_question_contents_v1 / resolve_exam_use_question_content_v1","content_version_id → 공용 문항판의 출처 본문","1455","3802621","배정/응시 보호 조건 동일; 출처·발음 확인값 일치","[{""reason"":""배정 열림"",""rows"":834,""textBytes"":2078881}]","출처 원판/고유 단어/뜻/음원/보기 발음 원형 확인값 동일","1~100행, 4MiB","지정한 발음/표시 5열만 복구"
"2","APP-20261003-03","구형 범위 본문","private.vocabulary_library_scope_rows","[""entry_snapshot"",""occurrence_snapshot"",""resources""]","기존 v1/v2 범위 읽기 및 고정 구성 소비자; private.vocabulary_library_row_document_v1 / private.vocabulary_composition_preparation_v1 / private.assert_historical_learning_row_v1","당시 vocabulary_learning_value_versions/bindings + vocabulary_library_row_fingerprints","8690","66552491","snapshot-v1·완전한 원형; 범위의 자료/고정판/원행을 사용하는 열린 배정·보호 응시·미시작 준비·M05 연결 없음; 범위 참조 구성도 ready·완료 처리수·문항 SHA 일치 필수, 생성 중 구성 제외","[{""reason"":""열린 배정"",""groups"":281,""rows"":9529,""textBytes"":null},{""reason"":""열린 배정과 보호 응시"",""groups"":106,""rows"":4105,""textBytes"":null},{""reason"":""보호 제외 합계"",""groups"":387,""rows"":13634,""textBytes"":97782647,""aggregate"":true}]","당시 값/순서/원행 확인값/발음과 구형·새 읽기 동일; 새 현재 사전 재조회로 과거 뜻 재작성 금지","1~100행, 4MiB","원래 (scope_id, occurrence_key)의 세 열만 복구, 현재 학생 기록 제외"
"2","APP-20261003-03","완료 구성 연결 본문","private.vocabulary_composition_entries","[""source_snapshot"",""resources""]","고정 구성/문항 생성·과거 구성 읽기","당시 공용 학습값 판 + 원행 확인값","0","0","ready 구성; 예상/entry/vocab 7532·items/generated/total/processed 15064·SHA/계획 위치 전수 일치; 모든 연결 배정 보호 제외","[{""reason"":""연결된 열린 배정"",""groups"":1,""rows"":7532,""textBytes"":85624793}]","원문항판·선택 뜻·모든 문항 SHA/순서 동일","1~100행, 4MiB","지정 구성판의 원행 본문만 복구"
"3","APP-20261003-04","검토 원자료 파일 보관","private.reviewed_mock_source_releases_v1","[""bundle""]","운영 시험의 온라인 bundle 소비자 없음; 보관 표식 처리 및 지정 복구 도구","reviewed_bundle_archives + 외부 파일 확인값/원형 위치","20","129103610","검토 승인·목적 환경·원형 schema·semantic SHA 일치, 16MiB 이하 한 원행, 예약 표식 없음","[]","reviewed_exam_sha256_v1(bundle-content_sha256)=승인 SHA; 원행 전체 text SHA 및 파일 원본문 복원","한 원행, 16MiB","동일 release_id의 bundle 한 열만 파일에서 보충; 최신 퇴역 상태 유지"
"4","APP-20261003-05","자료판 반복 단어 배열","word_index.app_exam_use_release","[""package_json.entries""]","자료판 package resolver 2소비자 및 APP04 보관 호환","원래 source_rows 순서 + 불변 app_exam_use_occurrence 참조","20","32819561","승인된 자료판; 원출현 수·고유source_row·배열 JSONB 동일; 최종 text SHA/파일/잠금 재검산","[{""reason"":""비검토 옛 자료"",""rows"":6,""textBytes"":3920103},{""reason"":""특수 긴 지문 자료"",""rows"":1,""textBytes"":1163821}]","private.resolve_exam_use_package_json_v1(uuid) 전체 문서 text SHA·원래 순서·승인 semantic SHA 일치; 상태/퇴역시각은 최신값 보존","한 원행, 16MiB","package_json.entries만 원문 삽입, 나머지 상태 보존"
"5","APP-20261003-06","원출현 반복 본문","word_index.app_exam_use_occurrence","[""package_entry_json""]","범위/출처/구형구성/오답준비 등 상위 패키지 재조립을 포함한 7소비자","기존 24고정열 마스크 + 작은 extra + 원행 확인값","16894","32785773","승인/원형/키/1MiB 행/extra 4KiB 이하, 참조 본문이 원본문보다 작음; 기존 고정열/음원 JSON 불변","[{""reason"":""비검토"",""rows"":1509,""textBytes"":3917085},{""reason"":""특수 자료"",""rows"":604,""textBytes"":1162613}]","24필드 text 동일인 값만 참조·나머지 extra 보존·resolver 문서 원형 text SHA 일치","1~100행, SQL packet16MiB·외부 파일32MiB 상한; 초기 운영 계획은 더 작은4MiB 이하","지정 release_id+source_row의 package_entry_json만 파일 복구"
"6","APP-20261003-07","검토 근거 중복 객체","private.reviewed_mock_source_resources_v1","[""payload 내 검증된 evidence 위치""]","검토 자원 공용 조회 1경로; 기존 JSON 원형 재구성","reviewed_evidence_objects(SHA-256) + 위치별 참조 + 원형 확인값","16894","95968098","동일 객체만 전역 공유; 예약키/충돌/형식/원형/현재 행 검산 + 각 행/묶음 순절감 조건 모두 통과","[{""reason"":""실제 비용 조건은 실행 묶음/기존 공유표에 따라 결정"",""rows"":null,""textBytes"":null}]","full resolved payload text SHA 원형 동일, 승인/자료판 확인값 동일; 객체만 공유·내용 생성/수정 없음","1~100행, SQL packet16MiB·외부 파일32MiB 상한; 초기 운영 계획은 더 작은4MiB 이하","지정 release_id+source_row의 payload만 원형 복구; 다른 행/새 학생 기록/공유 객체 유지"
"","보존","구성 문항 원자료 증명","private.vocabulary_composition_items","[""source_proof""]","고정 구성 문항 소비자/검산","기존 고정 문항판 참조 유지","0","0","이번 여섯 이전 도구의 대상 아님","[{""reason"":""기존 읽기·복구 증거로 사용"",""rows"":15064,""textBytes"":47138130}]","APP03 구성 전체 문항판/해시 보존 검사","해당 없음","수정하지 않음"
"","보존","음원 정보","word_index.app_exam_use_occurrence","[""audio_json""]","기존 음원/발음 읽기","기존 CDN URL/음원 메타데이터","0","0","APP06은 package_entry_json의 중복만 줄이고 audio_json 유지","[{""reason"":""음원 기능 유지"",""rows"":19007,""textBytes"":8076351}]","APP06 전수 원형/DTO 검산","해당 없음","수정하지 않음"
