students,months,attempts,rows,rowDatumBytes,trackedPhysicalBytes,indexBytes,planningBytes
1,1,20,5980,2302480,5140480,1945600,8000000
1,6,120,35880,13814880,30842880,11673600,48000000
1,12,240,71760,27629760,61685760,23347200,96000000
10,1,200,59800,23024800,51404800,19456000,80000000
10,6,1200,358800,138148800,308428800,116736000,480000000
10,12,2400,717600,276297600,616857600,233472000,960000000
30,1,600,179400,69074400,154214400,58368000,240000000
30,6,3600,1076400,414446400,925286400,350208000,1440000000
30,12,7200,2152800,828892800,1850572800,700416000,2880000000
50,1,1000,299000,115124000,257024000,97280000,400000000
50,6,6000,1794000,690744000,1542144000,583680000,2400000000
50,12,12000,3588000,1381488000,3084288000,1167360000,4800000000
100,1,2000,598000,230248000,514048000,194560000,800000000
100,6,12000,3588000,1381488000,3084288000,1167360000,4800000000
100,12,24000,7176000,2762976000,6168576000,2334720000,9600000000
