from,to,runs,relation_name,row_count,row_text_bytes,row_datum_bytes,heap_main_bytes,table_with_toast_bytes,index_bytes,total_bytes
schema,100-students,1,public.students,100,91192,16000,24576,49152,24576,73728
schema,100-students,1,public.admin_profiles,1,204,77,8192,8192,8192,16384
schema,100-students,1,auth.users,1,46,37,8192,8192,8192,16384
100-students,book-a,1,private.vocabulary_composition_entries,50,155229,148850,81920,221184,32768,253952
100-students,book-a,1,private.vocabulary_learning_value_bindings,50,97223,91600,106496,131072,16384,147456
100-students,book-a,1,private.vocabulary_composition_items,50,99992,83996,106496,131072,49152,180224
100-students,book-a,1,private.vocabulary_library_scope_rows,50,66546,62050,73728,98304,24576,122880
100-students,book-a,1,private.vocabulary_learning_value_versions,50,35714,32000,40960,65536,24576,90112
100-students,book-a,1,public.vocab_entries,100,60084,24900,32768,57344,90112,147456
100-students,book-a,1,private.vocabulary_library_versions,1,28266,19360,8192,65536,24576,90112
100-students,book-a,1,private.vocabulary_composition_build_positions,50,16532,9200,16384,40960,24576,65536
100-students,book-a,1,public.vocab_entry_quiz_eligibility,50,20541,9200,16384,40960,24576,65536
100-students,book-a,1,private.vocabulary_library_scopes,1,15068,8943,8192,57344,32768,90112
100-students,book-a,1,private.vocabulary_library_row_fingerprints,50,11250,8500,16384,40960,8192,49152
100-students,book-a,1,private.vocabulary_library_requests,2,4885,4870,8192,24576,8192,32768
100-students,book-a,1,private.vocabulary_composition_question_plans,1,11988,1820,8192,8192,8192,16384
100-students,book-a,1,public.vocab_datasets,2,1044,642,8192,8192,24576,32768
100-students,book-a,1,public.vocab_dataset_catalog,2,1115,469,8192,8192,16384,24576
100-students,book-a,1,public.vocab_unit_catalog,1,594,368,8192,8192,16384,24576
100-students,book-a,1,private.vocabulary_library_templates,1,446,240,8192,8192,32768,40960
100-students,book-a,1,private.vocabulary_compositions,1,431,216,8192,8192,24576,32768
100-students,book-a,1,public.vocab_units,2,565,205,8192,8192,32768,40960
100-students,book-a,1,private.vocabulary_library_import_approvals,1,262,191,8192,8192,8192,16384
100-students,book-a,1,private.vocabulary_composition_builds,1,198,66,8192,8192,16384,24576
100-students,book-a,1,private.vocabulary_composition_storage_formats,1,86,56,8192,8192,8192,16384
100-students,book-a,1,private.vocabulary_composition_write_context,0,0,0,8192,8192,8192,16384
book-a,run-1-complete,1,private.vocabulary_question_content_versions,50,132220,80224,81920,106496,16384,122880
book-a,run-1-complete,1,public.assignment_questions,50,110237,35841,131072,155648,65536,221184
book-a,run-1-complete,1,private.vocabulary_answer_receipts,60,39359,21672,24576,49152,24576,73728
book-a,run-1-complete,1,private.vocabulary_question_meaning_versions,50,24037,20000,24576,49152,8192,57344
book-a,run-1-complete,1,public.student_point_events,60,45891,18096,24576,49152,49152,98304
book-a,run-1-complete,1,private.local_quiz_phase_receipts,2,13358,10192,8192,57344,16384,73728
book-a,run-1-complete,1,public.quiz_questions,50,31894,6860,16384,40960,65536,106496
book-a,run-1-complete,1,private.quiz_attempt_preparations,1,14427,6848,8192,24576,16384,40960
book-a,run-1-complete,1,private.assignment_vocabulary_meaning_refs,50,10600,6047,8192,8192,8192,16384
book-a,run-1-complete,1,private.local_quiz_phase_plans,2,7404,5746,8192,24576,8192,32768
book-a,run-1-complete,1,public.student_vocab_state,50,19017,5261,16384,40960,32768,73728
book-a,run-1-complete,1,private.vocabulary_legacy_state_baselines,50,9951,2447,8192,8192,8192,16384
book-a,run-1-complete,1,private.student_vocabulary_meaning_states,10,5779,2160,8192,8192,16384,24576
book-a,run-1-complete,1,public.student_vocab_wrong_events,12,6311,1632,8192,8192,49152,57344
book-a,run-1-complete,1,public.assignments,1,1778,514,8192,8192,57344,65536
book-a,run-1-complete,1,private.vocabulary_phase_results,2,1056,424,8192,8192,8192,16384
book-a,run-1-complete,1,public.audit_events,1,367,280,8192,8192,24576,32768
book-a,run-1-complete,1,public.quiz_attempts,1,940,196,8192,8192,49152,57344
book-a,run-1-complete,1,private.local_quiz_runs,1,255,185,8192,8192,8192,16384
book-a,run-1-complete,1,private.local_quiz_preparations,1,222,170,8192,8192,8192,16384
book-a,run-1-complete,1,private.vocabulary_result_policies,1,265,111,8192,8192,8192,16384
book-a,run-1-complete,1,public.notification_receipts,1,309,109,8192,8192,24576,32768
book-a,run-1-complete,1,public.assignment_students,1,306,77,8192,8192,40960,49152
book-a,run-1-complete,1,public.assignment_units,1,197,74,8192,8192,57344,65536
book-a,run-1-complete,1,public.student_point_totals,1,190,69,8192,8192,8192,16384
book-a,run-1-complete,1,public.assignment_sources,1,111,53,8192,8192,8192,16384
book-a,run-1-complete,1,private.student_vocabulary_versions,1,69,45,8192,8192,8192,16384
book-a,run-1-complete,1,private.assignment_vocabulary_new_questions,0,0,0,8192,8192,8192,16384
run-1-complete,run-2-complete,1,public.assignment_questions,50,110237,35841,131072,131072,24576,155648
run-1-complete,run-2-complete,1,private.vocabulary_answer_receipts,60,39390,21672,24576,24576,24576,49152
run-1-complete,run-2-complete,1,public.student_point_events,60,45920,18096,16384,16384,24576,40960
run-1-complete,run-2-complete,1,private.local_quiz_phase_receipts,2,13388,10144,0,8192,0,8192
run-1-complete,run-2-complete,1,public.quiz_questions,50,31894,6860,16384,16384,0,16384
run-1-complete,run-2-complete,1,private.quiz_attempt_preparations,1,14427,6824,0,32768,0,32768
run-1-complete,run-2-complete,1,private.assignment_vocabulary_meaning_refs,50,10600,6050,8192,32768,0,32768
run-1-complete,run-2-complete,1,private.local_quiz_phase_plans,2,7404,5738,0,32768,0,32768
run-1-complete,run-2-complete,1,public.student_vocab_wrong_events,12,6310,1632,0,0,0,0
run-1-complete,run-2-complete,1,public.assignments,1,1778,514,0,0,0,0
run-1-complete,run-2-complete,1,private.vocabulary_phase_results,2,1056,424,0,0,0,0
run-1-complete,run-2-complete,1,public.audit_events,1,367,280,0,0,0,0
run-1-complete,run-2-complete,1,public.quiz_attempts,1,940,196,0,0,0,0
run-1-complete,run-2-complete,1,private.local_quiz_runs,1,255,185,0,0,0,0
run-1-complete,run-2-complete,1,private.local_quiz_preparations,1,222,170,0,0,0,0
run-1-complete,run-2-complete,1,private.vocabulary_result_policies,1,265,114,0,0,0,0
run-1-complete,run-2-complete,1,public.notification_receipts,1,308,112,0,0,0,0
run-1-complete,run-2-complete,1,public.assignment_students,1,306,80,0,0,0,0
run-1-complete,run-2-complete,1,public.assignment_units,1,197,77,0,0,0,0
run-1-complete,run-2-complete,1,public.assignment_sources,1,111,56,0,0,0,0
run-1-complete,run-2-complete,1,private.student_vocabulary_meaning_states,0,13,0,0,0,0,0
run-1-complete,run-2-complete,1,private.student_vocabulary_versions,0,1,0,0,0,0,0
run-1-complete,run-2-complete,1,public.student_point_totals,0,2,0,0,0,0,0
run-1-complete,run-2-complete,1,public.student_vocab_state,0,100,0,0,0,0,0
run-2-complete,run-3-complete,1,public.assignment_questions,50,110237,35841,131072,131072,32768,163840
run-2-complete,run-3-complete,1,private.vocabulary_answer_receipts,60,39360,21672,24576,24576,8192,32768
run-2-complete,run-3-complete,1,public.student_point_events,60,45957,18096,16384,16384,0,16384
run-2-complete,run-3-complete,1,private.local_quiz_phase_receipts,2,13358,10160,0,8192,0,8192
run-2-complete,run-3-complete,1,public.quiz_questions,50,31894,6860,16384,16384,57344,73728
run-2-complete,run-3-complete,1,private.quiz_attempt_preparations,1,14427,6800,0,8192,0,8192
run-2-complete,run-3-complete,1,private.assignment_vocabulary_meaning_refs,50,10600,6050,8192,8192,0,8192
run-2-complete,run-3-complete,1,private.local_quiz_phase_plans,2,7404,5738,0,0,0,0
run-2-complete,run-3-complete,1,public.student_vocab_state,50,19117,5264,8192,8192,0,8192
run-2-complete,run-3-complete,1,private.vocabulary_legacy_state_baselines,50,9951,2450,0,0,0,0
run-2-complete,run-3-complete,1,private.student_vocabulary_meaning_states,10,5782,2160,0,0,0,0
run-2-complete,run-3-complete,1,public.student_vocab_wrong_events,12,6320,1632,0,0,0,0
run-2-complete,run-3-complete,1,public.assignments,1,1778,514,0,0,0,0
run-2-complete,run-3-complete,1,private.vocabulary_phase_results,2,1056,424,0,0,0,0
run-2-complete,run-3-complete,1,public.audit_events,1,367,280,0,0,0,0
run-2-complete,run-3-complete,1,public.quiz_attempts,1,940,196,0,0,0,0
run-2-complete,run-3-complete,1,private.local_quiz_runs,1,255,185,0,0,0,0
run-2-complete,run-3-complete,1,private.local_quiz_preparations,1,222,170,0,0,0,0
run-2-complete,run-3-complete,1,private.vocabulary_result_policies,1,265,114,0,0,0,0
run-2-complete,run-3-complete,1,public.notification_receipts,1,309,112,0,0,0,0
run-2-complete,run-3-complete,1,public.assignment_students,1,306,80,0,0,0,0
run-2-complete,run-3-complete,1,public.assignment_units,1,197,77,0,0,0,0
run-2-complete,run-3-complete,1,public.student_point_totals,1,190,72,0,0,0,0
run-2-complete,run-3-complete,1,public.assignment_sources,1,111,56,0,0,0,0
run-2-complete,run-3-complete,1,private.student_vocabulary_versions,1,69,48,0,0,0,0
run-2-complete,run-3-complete,1,private.assignment_vocabulary_new_questions,0,0,0,8192,32768,0,32768
run-3-complete,run-4-complete,1,public.assignment_questions,50,110237,35841,131072,131072,40960,172032
run-3-complete,run-4-complete,1,private.vocabulary_answer_receipts,60,39778,21840,16384,16384,57344,73728
run-3-complete,run-4-complete,1,public.student_point_events,60,45967,18224,24576,24576,65536,90112
run-3-complete,run-4-complete,1,private.local_quiz_phase_receipts,2,13427,10168,0,16384,0,16384
run-3-complete,run-4-complete,1,public.quiz_questions,50,31894,6860,8192,8192,40960,49152
run-3-complete,run-4-complete,1,private.quiz_attempt_preparations,1,14427,6800,0,8192,0,8192
run-3-complete,run-4-complete,1,private.assignment_vocabulary_meaning_refs,50,10600,6050,8192,8192,0,8192
run-3-complete,run-4-complete,1,private.local_quiz_phase_plans,2,7404,5706,0,8192,0,8192
run-3-complete,run-4-complete,1,private.student_vocabulary_meaning_states,10,5859,2160,8192,32768,0,32768
run-3-complete,run-4-complete,1,public.student_vocab_wrong_events,12,6320,1632,0,0,0,0
run-3-complete,run-4-complete,1,public.assignments,1,1778,514,0,0,0,0
run-3-complete,run-4-complete,1,private.vocabulary_phase_results,2,1056,424,0,0,0,0
run-3-complete,run-4-complete,1,public.audit_events,1,367,280,0,0,0,0
run-3-complete,run-4-complete,1,public.quiz_attempts,1,940,196,0,0,0,0
run-3-complete,run-4-complete,1,private.local_quiz_runs,1,255,185,0,0,0,0
run-3-complete,run-4-complete,1,private.local_quiz_preparations,1,222,170,0,0,0,0
run-3-complete,run-4-complete,1,private.vocabulary_result_policies,1,264,114,0,0,0,0
run-3-complete,run-4-complete,1,public.notification_receipts,1,309,112,0,0,0,0
run-3-complete,run-4-complete,1,public.assignment_students,1,306,80,0,0,0,0
run-3-complete,run-4-complete,1,public.student_vocab_state,0,270,80,0,0,0,0
run-3-complete,run-4-complete,1,public.assignment_units,1,197,77,0,0,0,0
run-3-complete,run-4-complete,1,public.assignment_sources,1,111,56,0,0,0,0
run-4-complete,book-b,1,private.vocabulary_composition_entries,50,155464,148650,81920,163840,24576,188416
run-4-complete,book-b,1,private.vocabulary_learning_value_bindings,50,97282,92000,98304,98304,16384,114688
run-4-complete,book-b,1,private.vocabulary_composition_items,50,100237,83996,98304,98304,49152,147456
run-4-complete,book-b,1,private.vocabulary_library_scope_rows,50,66664,62050,65536,65536,24576,90112
run-4-complete,book-b,1,private.vocabulary_learning_value_versions,50,35714,32000,32768,32768,40960,73728
run-4-complete,book-b,1,public.vocab_entries,100,60292,24900,24576,24576,16384,40960
run-4-complete,book-b,1,private.vocabulary_library_versions,1,28266,19264,0,16384,0,16384
run-4-complete,book-b,1,private.vocabulary_composition_build_positions,50,16532,9200,8192,8192,24576,32768
run-4-complete,book-b,1,public.vocab_entry_quiz_eligibility,50,20550,9200,8192,8192,0,8192
run-4-complete,book-b,1,private.vocabulary_library_scopes,1,15127,9003,0,8192,0,8192
run-4-complete,book-b,1,private.vocabulary_library_row_fingerprints,50,11250,8500,8192,8192,24576,32768
run-4-complete,book-b,1,private.vocabulary_library_requests,2,4885,4870,0,32768,0,32768
run-4-complete,book-b,1,private.vocabulary_composition_question_plans,1,12233,1820,0,0,0,0
run-4-complete,book-b,1,public.vocab_datasets,2,1044,642,0,0,0,0
run-4-complete,book-b,1,public.vocab_dataset_catalog,2,1116,472,0,0,0,0
run-4-complete,book-b,1,public.vocab_unit_catalog,1,594,368,0,0,0,0
run-4-complete,book-b,1,private.vocabulary_library_templates,1,446,240,0,0,0,0
run-4-complete,book-b,1,private.vocabulary_compositions,1,431,216,0,0,0,0
run-4-complete,book-b,1,public.vocab_units,2,565,208,0,0,0,0
run-4-complete,book-b,1,private.vocabulary_library_import_approvals,1,262,191,0,0,0,0
run-4-complete,book-b,1,private.vocabulary_composition_builds,1,198,69,0,0,0,0
run-4-complete,book-b,1,private.vocabulary_composition_storage_formats,1,86,59,0,0,0,0
book-b,run-5-complete,1,private.vocabulary_question_content_versions,50,132514,80280,81920,81920,24576,106496
book-b,run-5-complete,1,public.assignment_questions,50,110432,35841,131072,131072,32768,163840
book-b,run-5-complete,1,private.vocabulary_answer_receipts,60,39433,21672,24576,24576,16384,40960
book-b,run-5-complete,1,private.vocabulary_question_meaning_versions,50,24035,20000,16384,16384,24576,40960
book-b,run-5-complete,1,public.student_point_events,60,46019,18096,16384,16384,32768,49152
book-b,run-5-complete,1,private.local_quiz_phase_receipts,2,13426,10152,0,8192,0,8192
book-b,run-5-complete,1,public.quiz_questions,50,31943,6860,16384,16384,40960,57344
book-b,run-5-complete,1,private.quiz_attempt_preparations,1,14476,6816,0,8192,0,8192
book-b,run-5-complete,1,private.assignment_vocabulary_meaning_refs,50,10600,6050,8192,8192,0,8192
book-b,run-5-complete,1,private.local_quiz_phase_plans,2,7404,5730,0,8192,0,8192
book-b,run-5-complete,1,public.student_vocab_state,50,19166,5264,8192,8192,0,8192
book-b,run-5-complete,1,private.vocabulary_legacy_state_baselines,50,10000,2450,8192,32768,0,32768
book-b,run-5-complete,1,private.student_vocabulary_meaning_states,10,5793,2160,0,0,0,0
book-b,run-5-complete,1,public.student_vocab_wrong_events,12,6334,1632,8192,32768,0,32768
book-b,run-5-complete,1,public.assignments,1,1776,514,0,0,0,0
book-b,run-5-complete,1,private.vocabulary_phase_results,2,1055,424,0,0,0,0
book-b,run-5-complete,1,public.audit_events,1,366,280,0,0,0,0
book-b,run-5-complete,1,public.quiz_attempts,1,940,196,0,0,0,0
book-b,run-5-complete,1,private.local_quiz_runs,1,255,185,0,0,0,0
book-b,run-5-complete,1,private.local_quiz_preparations,1,222,170,0,0,0,0
book-b,run-5-complete,1,private.vocabulary_result_policies,1,265,114,0,0,0,0
book-b,run-5-complete,1,public.notification_receipts,1,309,112,0,0,0,0
book-b,run-5-complete,1,public.assignment_students,1,305,80,0,0,0,0
book-b,run-5-complete,1,public.assignment_units,1,197,77,0,0,0,0
book-b,run-5-complete,1,public.assignment_sources,1,111,56,0,0,0,0
run-5-complete,run-6-complete,1,public.assignment_questions,50,110382,35841,131072,131072,24576,155648
run-5-complete,run-6-complete,1,private.vocabulary_answer_receipts,60,39391,21672,24576,24576,8192,32768
run-5-complete,run-6-complete,1,public.student_point_events,60,46020,18096,16384,16384,0,16384
run-5-complete,run-6-complete,1,private.local_quiz_phase_receipts,2,13388,10160,0,8192,0,8192
run-5-complete,run-6-complete,1,public.quiz_questions,50,31943,6860,16384,16384,65536,81920
run-5-complete,run-6-complete,1,private.quiz_attempt_preparations,1,14476,6832,0,8192,0,8192
run-5-complete,run-6-complete,1,private.assignment_vocabulary_meaning_refs,50,10600,6050,0,0,16384,16384
run-5-complete,run-6-complete,1,private.local_quiz_phase_plans,2,7404,5730,8192,32768,0,32768
run-5-complete,run-6-complete,1,public.student_vocab_state,50,19166,5264,8192,8192,16384,24576
run-5-complete,run-6-complete,1,private.vocabulary_legacy_state_baselines,50,10000,2450,0,0,0,0
run-5-complete,run-6-complete,1,private.student_vocabulary_meaning_states,10,5791,2160,8192,8192,0,8192
run-5-complete,run-6-complete,1,public.student_vocab_wrong_events,12,6344,1632,0,0,0,0
run-5-complete,run-6-complete,1,public.assignments,1,1774,514,0,0,0,0
run-5-complete,run-6-complete,1,private.vocabulary_phase_results,2,1055,424,0,0,0,0
run-5-complete,run-6-complete,1,public.audit_events,1,365,280,0,0,0,0
run-5-complete,run-6-complete,1,public.quiz_attempts,1,940,196,0,0,0,0
run-5-complete,run-6-complete,1,private.local_quiz_runs,1,255,185,0,0,0,0
run-5-complete,run-6-complete,1,private.local_quiz_preparations,1,222,170,0,0,0,0
run-5-complete,run-6-complete,1,private.vocabulary_result_policies,1,265,114,0,0,0,0
run-5-complete,run-6-complete,1,public.notification_receipts,1,309,112,0,0,0,0
run-5-complete,run-6-complete,1,public.assignment_students,1,304,80,0,0,0,0
run-5-complete,run-6-complete,1,public.assignment_units,1,197,77,0,0,0,0
run-5-complete,run-6-complete,1,public.assignment_sources,1,111,56,0,0,0,0
run-5-complete,run-6-complete,1,private.assignment_vocabulary_new_questions,0,0,0,8192,8192,16384,24576
run-5-complete,run-6-complete,1,private.student_vocabulary_versions,0,1,0,0,0,0,0
run-5-complete,run-6-complete,1,public.student_point_totals,0,2,0,0,0,0,0
run-6-complete,run-6-vacuum,1,auth.users,0,0,0,0,32768,0,32768
run-6-complete,run-6-vacuum,1,cron.job,0,0,0,0,32768,0,32768
run-6-complete,run-6-vacuum,1,private.app_migration_snapshots,0,0,0,0,32768,0,32768
run-6-complete,run-6-vacuum,1,private.assignment_vocabulary_meaning_refs,0,0,0,0,8192,0,8192
run-6-complete,run-6-vacuum,1,private.assignment_vocabulary_new_questions,0,0,0,-24576,-32768,0,-32768
run-6-complete,run-6-vacuum,1,private.local_quiz_phase_plans,0,0,0,0,16384,0,16384
run-6-complete,run-6-vacuum,1,private.local_quiz_phase_receipts,0,0,0,0,40960,0,40960
run-6-complete,run-6-vacuum,1,private.local_quiz_preparations,0,0,0,0,32768,0,32768
run-6-complete,run-6-vacuum,1,private.local_quiz_runs,0,0,0,0,32768,0,32768
run-6-complete,run-6-vacuum,1,private.operational_retention_jobs,0,0,0,0,32768,0,32768
run-6-complete,run-6-vacuum,1,private.operational_retention_policy,0,0,0,0,32768,0,32768
run-6-complete,run-6-vacuum,1,private.quiz_attempt_preparations,0,0,0,0,40960,0,40960
run-6-complete,run-6-vacuum,1,private.simseok_production_approvals_v1,0,0,0,0,32768,0,32768
run-6-complete,run-6-vacuum,1,private.student_vocabulary_meaning_states,0,0,0,0,8192,0,8192
run-6-complete,run-6-vacuum,1,private.student_vocabulary_versions,0,0,0,0,32768,0,32768
run-6-complete,run-6-vacuum,1,private.vocabulary_answer_receipts,0,0,0,0,8192,0,8192
run-6-complete,run-6-vacuum,1,private.vocabulary_composition_build_positions,0,0,0,0,8192,0,8192
run-6-complete,run-6-vacuum,1,private.vocabulary_composition_builds,0,0,0,0,32768,0,32768
run-6-complete,run-6-vacuum,1,private.vocabulary_composition_entries,0,0,0,0,16384,0,16384
run-6-complete,run-6-vacuum,1,private.vocabulary_composition_items,0,0,0,0,8192,0,8192
run-6-complete,run-6-vacuum,1,private.vocabulary_composition_question_plans,0,0,0,0,32768,0,32768
run-6-complete,run-6-vacuum,1,private.vocabulary_composition_storage_formats,0,0,0,0,32768,0,32768
run-6-complete,run-6-vacuum,1,private.vocabulary_composition_write_context,0,0,0,-8192,8192,0,8192
run-6-complete,run-6-vacuum,1,private.vocabulary_compositions,0,0,0,0,32768,0,32768
run-6-complete,run-6-vacuum,1,private.vocabulary_learning_value_bindings,0,0,0,0,8192,0,8192
run-6-complete,run-6-vacuum,1,private.vocabulary_learning_value_versions,0,0,0,0,8192,0,8192
run-6-complete,run-6-vacuum,1,private.vocabulary_legacy_state_baselines,0,0,0,0,8192,0,8192
run-6-complete,run-6-vacuum,1,private.vocabulary_library_import_approvals,0,0,0,0,32768,0,32768
run-6-complete,run-6-vacuum,1,private.vocabulary_library_requests,0,0,0,0,40960,0,40960
run-6-complete,run-6-vacuum,1,private.vocabulary_library_row_fingerprints,0,0,0,0,8192,0,8192
run-6-complete,run-6-vacuum,1,private.vocabulary_library_scope_rows,0,0,0,0,8192,0,8192
run-6-complete,run-6-vacuum,1,private.vocabulary_library_scopes,0,0,0,0,40960,0,40960
run-6-complete,run-6-vacuum,1,private.vocabulary_library_templates,0,0,0,0,32768,0,32768
run-6-complete,run-6-vacuum,1,private.vocabulary_library_versions,0,0,0,0,40960,0,40960
run-6-complete,run-6-vacuum,1,private.vocabulary_phase_results,0,0,0,0,32768,0,32768
run-6-complete,run-6-vacuum,1,private.vocabulary_question_content_versions,0,0,0,0,8192,0,8192
run-6-complete,run-6-vacuum,1,private.vocabulary_question_meaning_versions,0,0,0,0,8192,0,8192
run-6-complete,run-6-vacuum,1,private.vocabulary_result_policies,0,0,0,0,32768,0,32768
run-6-complete,run-6-vacuum,1,public.admin_profiles,0,0,0,0,32768,0,32768
run-6-complete,run-6-vacuum,1,public.assignment_questions,0,0,0,0,8192,0,8192
run-6-complete,run-6-vacuum,1,public.assignment_sources,0,0,0,0,32768,0,32768
run-6-complete,run-6-vacuum,1,public.assignment_students,0,0,0,0,32768,0,32768
run-6-complete,run-6-vacuum,1,public.assignment_units,0,0,0,0,32768,0,32768
run-6-complete,run-6-vacuum,1,public.assignments,0,0,0,0,32768,0,32768
run-6-complete,run-6-vacuum,1,public.audit_events,0,0,0,0,32768,0,32768
run-6-complete,run-6-vacuum,1,public.notification_receipts,0,0,0,0,32768,0,32768
run-6-complete,run-6-vacuum,1,public.quiz_attempts,0,0,0,0,32768,0,32768
run-6-complete,run-6-vacuum,1,public.quiz_questions,0,0,0,0,8192,0,8192
run-6-complete,run-6-vacuum,1,public.student_point_events,0,0,0,0,8192,0,8192
run-6-complete,run-6-vacuum,1,public.student_point_totals,0,0,0,0,32768,0,32768
run-6-complete,run-6-vacuum,1,public.student_vocab_state,0,0,0,0,8192,0,8192
run-6-complete,run-6-vacuum,1,public.student_vocab_wrong_events,0,0,0,0,8192,0,8192
run-6-complete,run-6-vacuum,1,public.students,0,0,0,0,8192,0,8192
run-6-complete,run-6-vacuum,1,public.vocab_approved_korean_pronunciations,0,0,0,0,32768,0,32768
run-6-complete,run-6-vacuum,1,public.vocab_dataset_catalog,0,0,0,0,32768,0,32768
run-6-complete,run-6-vacuum,1,public.vocab_datasets,0,0,0,0,32768,0,32768
run-6-complete,run-6-vacuum,1,public.vocab_entries,0,0,0,0,8192,0,8192
run-6-complete,run-6-vacuum,1,public.vocab_entry_quiz_eligibility,0,0,0,0,8192,0,8192
run-6-complete,run-6-vacuum,1,public.vocab_unit_catalog,0,0,0,0,32768,0,32768
run-6-complete,run-6-vacuum,1,public.vocab_units,0,0,0,0,32768,0,32768
run-6-vacuum,run-16-vacuum,10,public.assignment_questions,500,1102220,358410,753664,753664,270336,1024000
run-6-vacuum,run-16-vacuum,10,private.vocabulary_answer_receipts,600,397714,217520,221184,221184,180224,401408
run-6-vacuum,run-16-vacuum,10,public.student_point_events,600,459361,180960,188416,188416,212992,401408
run-6-vacuum,run-16-vacuum,10,private.local_quiz_phase_receipts,20,134226,101784,0,114688,0,114688
run-6-vacuum,run-16-vacuum,10,public.quiz_questions,500,318730,68600,98304,98304,155648,253952
run-6-vacuum,run-16-vacuum,10,private.quiz_attempt_preparations,10,144266,68208,0,81920,0,81920
run-6-vacuum,run-16-vacuum,10,private.assignment_vocabulary_meaning_refs,500,106000,60500,73728,73728,24576,98304
run-6-vacuum,run-16-vacuum,10,private.local_quiz_phase_plans,20,74034,57308,16384,73728,0,73728
run-6-vacuum,run-16-vacuum,10,public.student_vocab_wrong_events,120,63272,16320,16384,16384,49152,65536
run-6-vacuum,run-16-vacuum,10,public.assignments,10,17774,5140,8192,8192,0,8192
run-6-vacuum,run-16-vacuum,10,private.vocabulary_phase_results,20,10548,4240,0,0,0,0
run-6-vacuum,run-16-vacuum,10,public.audit_events,10,3674,2800,0,0,0,0
run-6-vacuum,run-16-vacuum,10,public.quiz_attempts,10,9386,1960,0,0,0,0
run-6-vacuum,run-16-vacuum,10,private.local_quiz_runs,10,2550,1850,0,0,0,0
run-6-vacuum,run-16-vacuum,10,private.local_quiz_preparations,10,2220,1700,0,0,0,0
run-6-vacuum,run-16-vacuum,10,private.vocabulary_result_policies,10,2645,1140,0,0,0,0
run-6-vacuum,run-16-vacuum,10,public.notification_receipts,10,3089,1120,0,0,0,0
run-6-vacuum,run-16-vacuum,10,public.assignment_students,10,3057,800,0,0,0,0
run-6-vacuum,run-16-vacuum,10,public.assignment_units,10,1970,770,0,0,0,0
run-6-vacuum,run-16-vacuum,10,public.assignment_sources,10,1110,560,0,0,0,0
run-6-vacuum,run-16-vacuum,10,private.assignment_vocabulary_new_questions,0,0,0,0,0,40960,40960
run-6-vacuum,run-16-vacuum,10,private.student_vocabulary_meaning_states,0,14,0,0,0,0,0
run-6-vacuum,run-16-vacuum,10,public.student_point_totals,0,-1,0,0,0,0,0
run-6-vacuum,run-16-vacuum,10,public.student_vocab_state,0,-6,0,8192,8192,0,8192
run-16-vacuum,run-32-vacuum,16,public.assignment_questions,800,1763742,573456,1146880,1146880,409600,1556480
run-16-vacuum,run-32-vacuum,16,private.vocabulary_answer_receipts,960,637147,348032,360448,360448,253952,614400
run-16-vacuum,run-32-vacuum,16,public.student_point_events,960,736204,289536,303104,303104,335872,638976
run-16-vacuum,run-32-vacuum,16,private.local_quiz_phase_receipts,32,215614,162536,8192,180224,0,180224
run-16-vacuum,run-32-vacuum,16,public.quiz_questions,800,510434,109760,155648,155648,385024,540672
run-16-vacuum,run-32-vacuum,16,private.quiz_attempt_preparations,16,230820,108824,0,131072,0,131072
run-16-vacuum,run-32-vacuum,16,private.assignment_vocabulary_meaning_refs,800,169600,96800,106496,106496,32768,139264
run-16-vacuum,run-32-vacuum,16,private.local_quiz_phase_plans,32,118461,91600,24576,114688,0,114688
run-16-vacuum,run-32-vacuum,16,public.student_vocab_wrong_events,192,101290,26112,24576,24576,65536,90112
run-16-vacuum,run-32-vacuum,16,public.assignments,16,28446,8224,8192,8192,0,8192
run-16-vacuum,run-32-vacuum,16,private.vocabulary_phase_results,32,16886,6784,8192,8192,0,8192
run-16-vacuum,run-32-vacuum,16,public.audit_events,16,5887,4480,8192,8192,0,8192
run-16-vacuum,run-32-vacuum,16,public.quiz_attempts,16,15031,3136,0,0,0,0
run-16-vacuum,run-32-vacuum,16,private.local_quiz_runs,16,4080,2960,0,0,0,0
run-16-vacuum,run-32-vacuum,16,private.local_quiz_preparations,16,3552,2720,0,0,0,0
run-16-vacuum,run-32-vacuum,16,private.vocabulary_result_policies,16,4236,1824,0,0,0,0
run-16-vacuum,run-32-vacuum,16,public.notification_receipts,16,4942,1792,0,0,0,0
run-16-vacuum,run-32-vacuum,16,public.assignment_students,16,4895,1280,0,0,0,0
run-16-vacuum,run-32-vacuum,16,public.assignment_units,16,3152,1232,0,0,0,0
run-16-vacuum,run-32-vacuum,16,public.assignment_sources,16,1776,896,0,0,0,0
run-16-vacuum,run-32-vacuum,16,private.assignment_vocabulary_new_questions,0,0,0,0,0,24576,24576
run-16-vacuum,run-32-vacuum,16,private.student_vocabulary_meaning_states,0,19,0,0,0,0,0
run-16-vacuum,run-32-vacuum,16,private.student_vocabulary_versions,0,1,0,0,0,0,0
run-16-vacuum,run-32-vacuum,16,public.student_point_totals,0,3,0,0,0,0,0
run-16-vacuum,run-32-vacuum,16,public.student_vocab_state,0,8,0,8192,8192,49152,57344
run-6-vacuum,run-32-vacuum,26,public.assignment_questions,1300,2865962,931866,1900544,1900544,679936,2580480
run-6-vacuum,run-32-vacuum,26,private.vocabulary_answer_receipts,1560,1034861,565552,581632,581632,434176,1015808
run-6-vacuum,run-32-vacuum,26,public.student_point_events,1560,1195565,470496,491520,491520,548864,1040384
run-6-vacuum,run-32-vacuum,26,private.local_quiz_phase_receipts,52,349840,264320,8192,294912,0,294912
run-6-vacuum,run-32-vacuum,26,public.quiz_questions,1300,829164,178360,253952,253952,540672,794624
run-6-vacuum,run-32-vacuum,26,private.quiz_attempt_preparations,26,375086,177032,0,212992,0,212992
run-6-vacuum,run-32-vacuum,26,private.assignment_vocabulary_meaning_refs,1300,275600,157300,180224,180224,57344,237568
run-6-vacuum,run-32-vacuum,26,private.local_quiz_phase_plans,52,192495,148908,40960,188416,0,188416
run-6-vacuum,run-32-vacuum,26,public.student_vocab_wrong_events,312,164562,42432,40960,40960,114688,155648
run-6-vacuum,run-32-vacuum,26,public.assignments,26,46220,13364,16384,16384,0,16384
run-6-vacuum,run-32-vacuum,26,private.vocabulary_phase_results,52,27434,11024,8192,8192,0,8192
run-6-vacuum,run-32-vacuum,26,public.audit_events,26,9561,7280,8192,8192,0,8192
run-6-vacuum,run-32-vacuum,26,public.quiz_attempts,26,24417,5096,0,0,0,0
run-6-vacuum,run-32-vacuum,26,private.local_quiz_runs,26,6630,4810,0,0,0,0
run-6-vacuum,run-32-vacuum,26,private.local_quiz_preparations,26,5772,4420,0,0,0,0
run-6-vacuum,run-32-vacuum,26,private.vocabulary_result_policies,26,6881,2964,0,0,0,0
run-6-vacuum,run-32-vacuum,26,public.notification_receipts,26,8031,2912,0,0,0,0
run-6-vacuum,run-32-vacuum,26,public.assignment_students,26,7952,2080,0,0,0,0
run-6-vacuum,run-32-vacuum,26,public.assignment_units,26,5122,2002,0,0,0,0
run-6-vacuum,run-32-vacuum,26,public.assignment_sources,26,2886,1456,0,0,0,0
run-6-vacuum,run-32-vacuum,26,private.assignment_vocabulary_new_questions,0,0,0,0,0,65536,65536
run-6-vacuum,run-32-vacuum,26,private.student_vocabulary_meaning_states,0,33,0,0,0,0,0
run-6-vacuum,run-32-vacuum,26,private.student_vocabulary_versions,0,1,0,0,0,0,0
run-6-vacuum,run-32-vacuum,26,public.student_point_totals,0,2,0,0,0,0,0
run-6-vacuum,run-32-vacuum,26,public.student_vocab_state,0,2,0,16384,16384,49152,65536
run-31-complete,run-32-complete,1,public.assignment_questions,50,110237,35841,131072,131072,57344,188416
run-31-complete,run-32-complete,1,private.vocabulary_answer_receipts,60,39831,21752,24576,24576,24576,49152
run-31-complete,run-32-complete,1,public.student_point_events,60,46014,18096,16384,16384,32768,49152
run-31-complete,run-32-complete,1,private.local_quiz_phase_receipts,2,13487,10152,0,8192,0,8192
run-31-complete,run-32-complete,1,public.quiz_questions,50,31904,6860,16384,16384,8192,24576
run-31-complete,run-32-complete,1,private.quiz_attempt_preparations,1,14427,6800,0,8192,0,8192
run-31-complete,run-32-complete,1,private.assignment_vocabulary_meaning_refs,50,10600,6050,8192,8192,0,8192
run-31-complete,run-32-complete,1,private.local_quiz_phase_plans,2,7404,5706,0,8192,0,8192
run-31-complete,run-32-complete,1,public.student_vocab_wrong_events,12,6332,1632,0,0,0,0
run-31-complete,run-32-complete,1,public.assignments,1,1778,514,0,0,0,0
run-31-complete,run-32-complete,1,private.vocabulary_phase_results,2,1056,424,0,0,0,0
run-31-complete,run-32-complete,1,public.audit_events,1,368,280,0,0,0,0
run-31-complete,run-32-complete,1,public.quiz_attempts,1,940,196,0,0,0,0
run-31-complete,run-32-complete,1,private.local_quiz_runs,1,255,185,0,0,0,0
run-31-complete,run-32-complete,1,private.local_quiz_preparations,1,222,170,0,0,0,0
run-31-complete,run-32-complete,1,private.vocabulary_result_policies,1,265,114,0,0,0,0
run-31-complete,run-32-complete,1,public.notification_receipts,1,309,112,0,0,0,0
run-31-complete,run-32-complete,1,public.assignment_students,1,306,80,0,0,0,0
run-31-complete,run-32-complete,1,public.assignment_units,1,197,77,0,0,0,0
run-31-complete,run-32-complete,1,public.assignment_sources,1,111,56,0,0,0,0
run-31-complete,run-32-complete,1,private.student_vocabulary_meaning_states,0,-1,0,0,0,0,0
run-31-complete,run-32-complete,1,public.student_point_totals,0,1,0,0,0,0,0
run-32-complete,run-32-vacuum,1,private.assignment_vocabulary_new_questions,0,0,0,-40960,-49152,0,-49152
